destination_name,total_reviews,positive_count,neutral_count,negative_count,positive_percentage,neutral_percentage,negative_percentage,category,average_rating,policy_class
AGROWISATA TEPAS PAPANDAYAN (ATP),285,262,3,20,91.93,1.05,7.02,Tujuan Wisata,4.5,Promotional Priority
Air Terjun Curug Nyogong,16,16,0,0,100.0,0.0,0.0,Tujuan Wisata,4.5,Promotional Priority
Air panas muara talaga,2,2,0,0,100.0,0.0,0.0,Tujuan Wisata,4.5,Insufficient Evidence
Alun-Alun Tarogong,83,83,0,0,100.0,0.0,0.0,Taman Kota,4.6,Promotional Priority
Alun-alun Garut,169,164,1,4,97.04,0.59,2.37,Taman Kota,4.5,Promotional Priority
Antapura De Djati,249,238,0,11,95.58,0.0,4.42,Tujuan Wisata,4.5,Promotional Priority
Asep Stroberi Kadungora,252,214,0,38,84.92,0.0,15.08,Restoran Sunda,4.4,Intervention Priority
Awit Sinar Alam Darajat Garut,123,121,0,2,98.37,0.0,1.63,Tujuan Wisata,4.4,Promotional Priority
Babancong Garut / gedung pendopo,1,1,0,0,100.0,0.0,0.0,Bangunan Bersejarah,4.6,Insufficient Evidence
Baso Aci Ceu Imas,74,68,0,6,91.89,0.0,8.11,Restoran Bakso,4.5,Promotional Priority
Batu Patapaan,3,3,0,0,100.0,0.0,0.0,Tujuan Wisata,4.6,Insufficient Evidence
Batu Tumpang Kab.Garut,39,39,0,0,100.0,0.0,0.0,Tujuan Wisata,4.5,Promotional Priority
Botram Garut,349,325,2,22,93.12,0.57,6.3,Rumah Makan,4.6,Promotional Priority
Bukit Dinar Dirham,16,16,0,0,100.0,0.0,0.0,Tujuan Wisata,4.8,Promotional Priority
Bukit Tegal Malaka,22,20,0,2,90.91,0.0,9.09,Taman bermain,4.5,Promotional Priority
Bumi Upi,375,348,5,22,92.8,1.33,5.87,Restoran Indonesia,4.5,Promotional Priority
CIBITUNG (ALVAN),1,1,0,0,100.0,0.0,0.0,Tujuan Wisata,3.7,Insufficient Evidence
CURUG CI AKAR,1,1,0,0,100.0,0.0,0.0,Tujuan Wisata,5.0,Insufficient Evidence
Cafe Saeungapna,195,177,0,18,90.77,0.0,9.23,Restoran Korea,4.4,Promotional Priority
Camping Ground - Situ Cibeureum,9,9,0,0,100.0,0.0,0.0,Tujuan Wisata,4.4,Insufficient Evidence
Cargo kitchen,5,5,0,0,100.0,0.0,0.0,Restoran,4.3,Insufficient Evidence
Cilopang adventure camp,6,6,0,0,100.0,0.0,0.0,Tujuan Wisata,4.4,Insufficient Evidence
Cipanas Indah Hotel,20,18,0,2,90.0,0.0,10.0,,4.1,Promotional Priority
Cipanas Pakenjeng,5,5,0,0,100.0,0.0,0.0,Tujuan Wisata,3.9,Insufficient Evidence
Cipanas darajat garut,6,6,0,0,100.0,0.0,0.0,Pondok,4.3,Insufficient Evidence
Cipanas garut,16,15,1,0,93.75,6.25,0.0,Pemandian air panas,4.8,Promotional Priority
Curg dengdeng bisoro,5,5,0,0,100.0,0.0,0.0,Tujuan Wisata,0.0,Insufficient Evidence
Curug Abeh,2,2,0,0,100.0,0.0,0.0,Tujuan Wisata,4.2,Insufficient Evidence
Curug Arjuna,11,11,0,0,100.0,0.0,0.0,Tujuan Wisata,4.7,Promotional Priority
Curug Ceret,1,1,0,0,100.0,0.0,0.0,Area Rekreasi Alam,4.7,Insufficient Evidence
Curug Ciarileu Ds Sukamurni kecamatan cilawu,19,19,0,0,100.0,0.0,0.0,Tujuan Wisata,4.7,Promotional Priority
Curug Ciarjuna,11,11,0,0,100.0,0.0,0.0,Tujuan Wisata,4.8,Promotional Priority
Curug Cibadak,21,21,0,0,100.0,0.0,0.0,Tujuan Wisata,4.5,Promotional Priority
Curug Cihanyawar Cilawu,50,48,0,2,96.0,0.0,4.0,Tujuan Wisata,4.5,Promotional Priority
Curug Ciharus Dano Leles,17,15,1,1,88.24,5.88,5.88,Tujuan Wisata,4.4,Promotional Priority
Curug Cikaso Cisompet,1,1,0,0,100.0,0.0,0.0,Tujuan Wisata,4.8,Insufficient Evidence
Curug Cilimbung,1,1,0,0,100.0,0.0,0.0,Area Rekreasi Alam,5.0,Insufficient Evidence
Curug Cisarua,5,5,0,0,100.0,0.0,0.0,Tujuan Wisata,4.6,Insufficient Evidence
Curug Cisarua Cilawu,46,44,0,2,95.65,0.0,4.35,Tujuan Wisata,4.7,Promotional Priority
Curug Citiis,10,10,0,0,100.0,0.0,0.0,Area Mendaki,4.6,Promotional Priority
Curug Darwin,1,1,0,0,100.0,0.0,0.0,Taman bermain,4.5,Insufficient Evidence
Curug Dengdeng,6,6,0,0,100.0,0.0,0.0,Cagar Alam,4.7,Insufficient Evidence
Curug Jagapati,39,39,0,0,100.0,0.0,0.0,Tujuan Wisata,4.6,Promotional Priority
Curug Layung,5,5,0,0,100.0,0.0,0.0,Wilayah Lintas Alam,4.4,Insufficient Evidence
Curug Ngaleung,2,2,0,0,100.0,0.0,0.0,Tujuan Wisata,4.3,Insufficient Evidence
Curug Orok,38,32,0,6,84.21,0.0,15.79,Tujuan Wisata,4.2,Intervention Priority
Curug Rahong,16,16,0,0,100.0,0.0,0.0,Tujuan Wisata,4.5,Promotional Priority
Curug Sanghyang Santen,8,8,0,0,100.0,0.0,0.0,Tujuan Wisata,4.8,Insufficient Evidence
Curug Sanghyang Taraje,193,189,0,4,97.93,0.0,2.07,Tujuan Wisata,4.6,Promotional Priority
Curug Tilu Gunung Guntur,14,13,1,0,92.86,7.14,0.0,Tujuan Wisata,4.6,Promotional Priority
Curug Uci,4,4,0,0,100.0,0.0,0.0,Tujuan Wisata,4.5,Insufficient Evidence
Curug batu belah,1,1,0,0,100.0,0.0,0.0,Tujuan Wisata,5.0,Insufficient Evidence
Curug cicadas pakenjeng,1,1,0,0,100.0,0.0,0.0,Tujuan Wisata,4.9,Insufficient Evidence
Curug kembar,1,1,0,0,100.0,0.0,0.0,Tujuan Wisata,5.0,Insufficient Evidence
Curug leutik cai,1,1,0,0,100.0,0.0,0.0,Tujuan Wisata,4.0,Insufficient Evidence
D Leuwi Garut,224,214,1,9,95.54,0.45,4.02,Tujuan Wisata,4.5,Promotional Priority
Dahayu Taste,95,86,0,9,90.53,0.0,9.47,Restoran,4.5,Promotional Priority
Danau Situ Bagendit,3,2,0,1,66.67,0.0,33.33,Danau,4.4,Insufficient Evidence
Darajat Pass,191,182,1,8,95.29,0.52,4.19,,4.5,Promotional Priority
De Wisdom Garut,72,67,0,5,93.06,0.0,6.94,Tujuan Wisata,4.3,Promotional Priority
Desa Wisata Mulakeudeu,5,5,0,0,100.0,0.0,0.0,Tujuan Wisata,4.7,Insufficient Evidence
Desa Wisata Saung Ciburial,45,41,2,2,91.11,4.44,4.44,Tujuan Wisata,4.5,Promotional Priority
Desa Wisata Sindangkasih,60,59,0,1,98.33,0.0,1.67,Tujuan Wisata,4.7,Promotional Priority
Desa Wisata Situ Cangkuang,11,11,0,0,100.0,0.0,0.0,Tujuan Wisata,4.7,Promotional Priority
Desa wisata,4,4,0,0,100.0,0.0,0.0,Pusat Informasi Pariwisata,5.0,Insufficient Evidence
Domba House Lasminingrat,66,62,0,4,93.94,0.0,6.06,Restoran Sate,4.5,Promotional Priority
Edu Wisata Perlebahan Gunung Guntur,67,65,0,2,97.01,0.0,2.99,Tujuan Wisata,4.7,Promotional Priority
Es Goyobod Ude,13,12,0,1,92.31,0.0,7.69,Restoran,4.6,Promotional Priority
GAPURA JAGAPATI,1,1,0,0,100.0,0.0,0.0,Tujuan Wisata,4.8,Insufficient Evidence
Garland Barnville,350,320,2,28,91.43,0.57,8.0,Restoran,4.4,Promotional Priority
Ghina resto,5,5,0,0,100.0,0.0,0.0,Pujasera,4.6,Insufficient Evidence
Glamping Villa by Sabda Alam,333,329,0,4,98.8,0.0,1.2,,4.9,Promotional Priority
Gumuk pasir garsel,6,6,0,0,100.0,0.0,0.0,Titik Pemandangan,4.8,Insufficient Evidence
Gunung Papandayan Garut,304,296,0,8,97.37,0.0,2.63,Tujuan Wisata,4.7,Promotional Priority
Gunung Putri Intan Dewata,7,4,2,1,57.14,28.57,14.29,Tujuan Wisata,4.3,Insufficient Evidence
Gurun Pasir Tungtung Karang,7,7,0,0,100.0,0.0,0.0,Tujuan Wisata,4.6,Insufficient Evidence
Gurun Sahara Pantai Sayang Heulang,9,9,0,0,100.0,0.0,0.0,Tujuan Wisata,4.8,Insufficient Evidence
Hanjuang Hot Spring by Tirtagangga,219,215,0,4,98.17,0.0,1.83,Kolam Renang,4.6,Promotional Priority
HdG Kampung Amsterdam Dayeuh Manggung Garut,7,7,0,0,100.0,0.0,0.0,Tujuan Wisata,4.3,Insufficient Evidence
Hutan Kota Guntur,4,2,0,2,50.0,0.0,50.0,Taman,4.0,Insufficient Evidence
Hutan Kota Kerkhof,11,10,0,1,90.91,0.0,9.09,Taman,4.3,Promotional Priority
Jadun,3,3,0,0,100.0,0.0,0.0,Tujuan Wisata,4.2,Insufficient Evidence
Jip Wisata Garut,16,16,0,0,100.0,0.0,0.0,Tujuan Wisata,5.0,Promotional Priority
Jiwoon Korean,163,161,0,2,98.77,0.0,1.23,Restoran Korea,4.8,Promotional Priority
"Joglo Abah Resto, Kedai Kopi dan Pusat Oleh-oleh",370,361,1,8,97.57,0.27,2.16,Restoran,4.9,Promotional Priority
KOLAM BERENANG AIR PANAS TIRTA ANGSANA,7,6,0,1,85.71,0.0,14.29,Tujuan Wisata,3.5,Insufficient Evidence
Kamojang Ecopark,35,29,0,6,82.86,0.0,17.14,Taman Ekologi,4.2,Intervention Priority
Kampung Muara Sunda,402,304,1,97,75.62,0.25,24.13,Restoran Sunda,4.2,Intervention Priority
Kampung Sampireun Resort & Spa,258,252,0,6,97.67,0.0,2.33,,4.5,Promotional Priority
Kampung Sumber Alam Garut,270,267,0,3,98.89,0.0,1.11,,4.5,Promotional Priority
Kampung cidarengdeng desa Parakan kecamatan samarang,2,2,0,0,100.0,0.0,0.0,Tujuan Wisata,5.0,Insufficient Evidence
Karacak Valley,75,75,0,0,100.0,0.0,0.0,Tujuan Wisata,4.5,Promotional Priority
Karang Gajah,10,10,0,0,100.0,0.0,0.0,Tujuan Wisata,4.6,Promotional Priority
Kawah Darajat,25,22,0,3,88.0,0.0,12.0,Tujuan Wisata,4.3,Promotional Priority
Kawah Papandayan,101,97,1,3,96.04,0.99,2.97,Tujuan Wisata,4.7,Promotional Priority
Kawah Talaga Bodas Garut,73,67,0,6,91.78,0.0,8.22,Tujuan Wisata,4.4,Promotional Priority
Kebun Mawar SITUHAPA Samarang,304,290,0,14,95.39,0.0,4.61,,4.5,Promotional Priority
Kedai Itikurih,132,93,1,38,70.45,0.76,28.79,Restoran,4.3,Intervention Priority
Kolam Air Panas Cikarees,2,2,0,0,100.0,0.0,0.0,Pemandian di Ruang Terbuka,4.1,Insufficient Evidence
Kolam Renang Air Panas (Puncak Jaya Darajat),16,15,0,1,93.75,0.0,6.25,Tujuan Wisata,4.3,Promotional Priority
Kolam Renang Air Panas Banyu Mandala,1,1,0,0,100.0,0.0,0.0,Kolam Renang Umum,4.3,Insufficient Evidence
Kolam Renang dANAU DARIZA,11,10,0,1,90.91,0.0,9.09,Kolam Renang,4.3,Promotional Priority
Kolam Rendam Air Panas Cipanas Garut,10,10,0,0,100.0,0.0,0.0,Kolam Renang,4.4,Promotional Priority
Kolam Terapi Air Hangat,16,16,0,0,100.0,0.0,0.0,Kolam Renang,4.7,Promotional Priority
Kolam renang cipanas indah,25,21,0,4,84.0,0.0,16.0,Kolam Renang,4.0,Intervention Priority
Kolong Langit Coffee Camp,4,3,0,1,75.0,0.0,25.0,Tujuan Wisata,4.4,Insufficient Evidence
Kuliner b aso Komplit Caliwura,2,2,0,0,100.0,0.0,0.0,Restoran Bakso,5.0,Insufficient Evidence
Lamping Cirorek,81,74,0,7,91.36,0.0,8.64,Tujuan Wisata,4.4,Promotional Priority
Leuwi Tonjong,47,47,0,0,100.0,0.0,0.0,Tujuan Wisata,4.6,Promotional Priority
MENUME Terrace White Cafe,6,6,0,0,100.0,0.0,0.0,Kafe,4.6,Insufficient Evidence
Masjid Agung Kab Garut,137,126,3,8,91.97,2.19,5.84,Masjid,4.7,Promotional Priority
Melon hidroponik,1,1,0,0,100.0,0.0,0.0,Tujuan Wisata,5.0,Insufficient Evidence
Mie Bakso Parahyangan,14,12,1,1,85.71,7.14,7.14,Restoran Bakso,4.2,Promotional Priority
NAZUMI JAPANESE,129,124,1,4,96.12,0.78,3.1,Restoran,4.6,Promotional Priority
Nagara Hot Spring Experience,137,126,1,10,91.97,0.73,7.3,Kolam Renang Umum,4.7,Promotional Priority
Obyek Wisata Pantai Karang Modang,11,11,0,0,100.0,0.0,0.0,Taman bermain,5.0,Promotional Priority
PASAR CEPLAK,75,68,0,7,90.67,0.0,9.33,Pasar Malam,4.5,Promotional Priority
PUNCAK GUHA,256,241,0,15,94.14,0.0,5.86,Tujuan Wisata,4.5,Promotional Priority
Pabrik Teh Orthodoks Dayeuhmanggung - PTPN,23,23,0,0,100.0,0.0,0.0,Tujuan Wisata,4.6,Promotional Priority
Paket wisata Candi Cangkuang dan tempat wisata garut lainnya!,4,1,0,3,25.0,0.0,75.0,Tujuan Wisata,4.6,Insufficient Evidence
Panorama PANTAI SELATAN Jawa Barat,1,1,0,0,100.0,0.0,0.0,Titik Pemandangan,4.9,Insufficient Evidence
Pantai Bodonyorot,7,7,0,0,100.0,0.0,0.0,Tujuan Wisata,4.4,Insufficient Evidence
Pantai Ci Anda,2,2,0,0,100.0,0.0,0.0,Pantai,4.3,Insufficient Evidence
Pantai Cibuek,4,4,0,0,100.0,0.0,0.0,Tujuan Wisata,4.3,Insufficient Evidence
Pantai Cibuhung,3,3,0,0,100.0,0.0,0.0,Hotel Resor,4.5,Insufficient Evidence
Pantai Cibuhung Garut Selatan,4,4,0,0,100.0,0.0,0.0,Tujuan Wisata,4.7,Insufficient Evidence
Pantai Cicadas,1,1,0,0,100.0,0.0,0.0,Tujuan Wisata,4.8,Insufficient Evidence
Pantai Cicalobak,22,20,2,0,90.91,9.09,0.0,Pantai,4.3,Promotional Priority
Pantai Cicula BW,2,2,0,0,100.0,0.0,0.0,Pondok,4.4,Insufficient Evidence
Pantai Cidahon,2,2,0,0,100.0,0.0,0.0,Tujuan Wisata,3.8,Insufficient Evidence
Pantai Cidora,29,28,0,1,96.55,0.0,3.45,Pantai,4.4,Promotional Priority
Pantai Cieurih,2,2,0,0,100.0,0.0,0.0,Pantai,4.3,Insufficient Evidence
Pantai Cijeruk Garut,66,64,1,1,96.97,1.52,1.52,Pantai,4.6,Promotional Priority
Pantai Cijeruk Indah,34,33,1,0,97.06,2.94,0.0,Pantai,4.3,Promotional Priority
Pantai Cijeruk Indah Garut,34,33,1,0,97.06,2.94,0.0,Tujuan Wisata,4.6,Promotional Priority
Pantai Cikaso Bungbulang,16,15,0,1,93.75,0.0,6.25,Tujuan Wisata,4.5,Promotional Priority
Pantai Cikolomberan Sancang,10,9,0,1,90.0,0.0,10.0,Tempat Acara Memancing,4.9,Promotional Priority
Pantai Cipancong,3,3,0,0,100.0,0.0,0.0,Tujuan Wisata,4.8,Insufficient Evidence
Pantai Cipunaga,2,2,0,0,100.0,0.0,0.0,Cagar Alam,4.5,Insufficient Evidence
Pantai Citanggeuleuk,148,144,1,3,97.3,0.68,2.03,Tujuan Wisata,4.7,Promotional Priority
Pantai Ciwaas,2,2,0,0,100.0,0.0,0.0,Tujuan Wisata,5.0,Insufficient Evidence
Pantai Gunung Geder Cikelet,11,11,0,0,100.0,0.0,0.0,Tujuan Wisata,4.2,Promotional Priority
Pantai Gunung Sulah,3,3,0,0,100.0,0.0,0.0,Taman bermain,4.9,Insufficient Evidence
Pantai Karang Papak,226,215,1,10,95.13,0.44,4.42,Tujuan Wisata,4.6,Promotional Priority
Pantai Karang Paranje,54,53,0,1,98.15,0.0,1.85,Tujuan Wisata,4.4,Promotional Priority
Pantai Karang Tepas,14,14,0,0,100.0,0.0,0.0,"Pantai, Tujuan Wisata",4.5,Promotional Priority
Pantai Manalusu,35,34,0,1,97.14,0.0,2.86,Pantai,4.5,Promotional Priority
Pantai Muara Cikelet,1,1,0,0,100.0,0.0,0.0,Taman Rekreasi Air,5.0,Insufficient Evidence
Pantai Muara Kerinduan,7,5,0,2,71.43,0.0,28.57,Tujuan Wisata,4.3,Insufficient Evidence
Pantai Papandayan,1,1,0,0,100.0,0.0,0.0,Pantai,4.3,Insufficient Evidence
Pantai Pelabuhan Cimari Muara,16,16,0,0,100.0,0.0,0.0,Tujuan Wisata,4.5,Promotional Priority
Pantai Punaga,19,19,0,0,100.0,0.0,0.0,Pantai,4.4,Promotional Priority
Pantai Sancang,34,34,0,0,100.0,0.0,0.0,Tujuan Wisata,4.7,Promotional Priority
Pantai Santolo,275,228,2,45,82.91,0.73,16.36,Pantai,4.3,Intervention Priority
Pantai Sayang Heulang,204,179,5,20,87.75,2.45,9.8,Pantai,4.4,Promotional Priority
Pantai Sayang heulang,198,174,4,20,87.88,2.02,10.1,Tujuan Wisata,4.5,Promotional Priority
Pantai Sodong Lalay,79,77,0,2,97.47,0.0,2.53,Tujuan Wisata,4.7,Promotional Priority
Pantai Sodong Parat,2,2,0,0,100.0,0.0,0.0,Tujuan Wisata,4.5,Insufficient Evidence
Pantai Taman Manalusu,68,68,0,0,100.0,0.0,0.0,Tujuan Wisata,4.4,Promotional Priority
Pantai caur,1,1,0,0,100.0,0.0,0.0,Tujuan Wisata,4.9,Insufficient Evidence
Pantai cicalengka,15,15,0,0,100.0,0.0,0.0,Tujuan Wisata,4.6,Promotional Priority
Pantai cicalobak,22,20,2,0,90.91,9.09,0.0,Tujuan Wisata,4.6,Promotional Priority
Pantai cijeruk,66,64,1,1,96.97,1.52,1.52,Tujuan Wisata,4.5,Promotional Priority
Pantai ciporeang ( sancang),3,3,0,0,100.0,0.0,0.0,Tujuan Wisata,4.6,Insufficient Evidence
Pantai pangikis,2,2,0,0,100.0,0.0,0.0,Otoritas Pelabuhan,4.8,Insufficient Evidence
Pantai santolo,275,228,2,45,82.91,0.73,16.36,Tujuan Wisata,4.5,Intervention Priority
Papandayan Resort and Leisure Park,7,7,0,0,100.0,0.0,0.0,Taman Hiburan,4.3,Insufficient Evidence
Pemandian Air Panas,6,5,0,1,83.33,0.0,16.67,Taman bermain,4.9,Insufficient Evidence
Pemandian Air Panas Ciengang,18,18,0,0,100.0,0.0,0.0,Spa,4.4,Promotional Priority
Pemandian Air Panas Cipanas Desa Mekarmukti,2,2,0,0,100.0,0.0,0.0,Tujuan Wisata,4.5,Insufficient Evidence
Pemandian Air Panas Kawah Talaga Bodas,5,5,0,0,100.0,0.0,0.0,Pemandian di Ruang Terbuka,4.3,Insufficient Evidence
Pemandian Cipanas,11,10,0,1,90.91,0.0,9.09,Produsen makanan,4.4,Promotional Priority
Pemandian air panas,2,2,0,0,100.0,0.0,0.0,Tujuan Wisata,4.7,Insufficient Evidence
Pemandian air panas kp CIKATEL,3,3,0,0,100.0,0.0,0.0,Pemandian Umum,4.9,Insufficient Evidence
Penginapan & Peralatan Camping Pantai Santolo,3,3,0,0,100.0,0.0,0.0,Layanan Sewa Tenda,4.2,Insufficient Evidence
"Penginapan dan pemandian air panas Putra Lugina, Cipanas Tarogong GarutGarut",4,2,0,2,50.0,0.0,50.0,Hotel,3.7,Insufficient Evidence
Pesona Leuweung Oko (Oko d'great),5,5,0,0,100.0,0.0,0.0,Tujuan Wisata,4.1,Insufficient Evidence
Pujasega bale tingtrim,69,63,0,6,91.3,0.0,8.7,Restoran Sunda,4.4,Promotional Priority
Puncak Parabon Kamojang,18,18,0,0,100.0,0.0,0.0,Tujuan Wisata,4.4,Promotional Priority
Puncak Pass Rancamaya,1,1,0,0,100.0,0.0,0.0,Tujuan Wisata,2.3,Insufficient Evidence
RM SARI COBEK CANGKUANG,13,11,0,2,84.62,0.0,15.38,Restoran Sunda,4.5,Intervention Priority
"RM Saung Cikenceh (Garut Kota, Cikuray)",383,369,1,13,96.34,0.26,3.39,Restoran Sunda,4.7,Promotional Priority
RM Sugema Raya,293,272,1,20,92.83,0.34,6.83,Restoran Sunda,4.5,Promotional Priority
Racik Desa,88,73,0,15,82.95,0.0,17.05,Restoran Sunda,4.3,Intervention Priority
Ramen Gorilla,311,302,1,8,97.11,0.32,2.57,Restoran Jepang,4.4,Promotional Priority
Ramenkane Cikuray Garut,398,396,0,2,99.5,0.0,0.5,Restoran Mie,4.9,Promotional Priority
Ranca buaya,122,114,1,7,93.44,0.82,5.74,Pantai,4.3,Promotional Priority
Rancabuaya Beach,160,158,0,2,98.75,0.0,1.25,Tujuan Wisata,4.6,Promotional Priority
Resto Core Garden Garut,290,288,0,2,99.31,0.0,0.69,Restoran,4.9,Promotional Priority
Restorasa,208,198,0,10,95.19,0.0,4.81,Restoran,4.8,Promotional Priority
Reverdose,12,12,0,0,100.0,0.0,0.0,Restoran,4.6,Promotional Priority
Roti & Kopi Gudang Rasa,44,37,1,6,84.09,2.27,13.64,Kafe,4.6,Promotional Priority
Rumah Makan Cibiuk,12,11,0,1,91.67,0.0,8.33,Restoran Indonesia,4.8,Promotional Priority
Rumah Makan Dua Saudara,27,27,0,0,100.0,0.0,0.0,Restoran Sunda,4.4,Promotional Priority
Rumah Makan Hangat,26,24,0,2,92.31,0.0,7.69,Restoran Masakan Ayam,4.3,Promotional Priority
Rumah Makan Kencana Sunda,47,25,1,21,53.19,2.13,44.68,Restoran Sunda,4.0,Intervention Priority
Rumah Makan Khas Sunda Cibiuk,257,244,1,12,94.94,0.39,4.67,Restoran Sunda,4.6,Promotional Priority
Rumah Makan Khas Sunda M. Iki,296,279,1,16,94.26,0.34,5.41,Restoran Sunda,4.5,Promotional Priority
Rumah Makan Lumbung Padi Garut,311,286,2,23,91.96,0.64,7.4,Restoran,4.5,Promotional Priority
Rumah Makan Megawati,12,10,0,2,83.33,0.0,16.67,Restoran Sunda,4.4,Intervention Priority
Rumah Makan Perahu Seaside,7,5,0,2,71.43,0.0,28.57,Tujuan Wisata,4.5,Insufficient Evidence
Rumah Makan Sunda - Dapoer Nyunda,310,308,0,2,99.35,0.0,0.65,Restoran,5.0,Promotional Priority
SBR 3 Pusat Oleh-oleh Garut,229,221,0,8,96.51,0.0,3.49,Toko Makanan,4.5,Promotional Priority
SITU BAGENDIT,110,81,11,18,73.64,10.0,16.36,Tujuan Wisata,4.4,Intervention Priority
SITU SARKANJUT,37,36,0,1,97.3,0.0,2.7,Tujuan Wisata,4.5,Promotional Priority
Sabda Alam Water Park,11,10,0,1,90.91,0.0,9.09,Tujuan Wisata,4.4,Promotional Priority
Santolo beach 2,7,7,0,0,100.0,0.0,0.0,Taman,4.5,Insufficient Evidence
Sasakala,264,250,1,13,94.7,0.38,4.92,Kedai Sarapan & Makan Siang,4.3,Promotional Priority
Sate Maranggi Pa' Nur,81,74,0,7,91.36,0.0,8.64,Restoran Indonesia,4.4,Promotional Priority
Sate Matuh,36,34,0,2,94.44,0.0,5.56,Restoran Sate,4.5,Promotional Priority
Saung Pananjung,112,99,0,13,88.39,0.0,11.61,Restoran Steak,4.4,Promotional Priority
Sayang Heulang Beach,67,60,1,6,89.55,1.49,8.96,Pantai,4.4,Promotional Priority
Sayang Heulang Garut,198,174,4,20,87.88,2.02,10.1,Pantai,4.4,Promotional Priority
SeaSide WaterPark n Resto,5,4,0,1,80.0,0.0,20.0,Tujuan Wisata,4.4,Insufficient Evidence
Sentral kuliner ikan garut,19,16,0,3,84.21,0.0,15.79,Restoran makanan pedesaan,4.1,Intervention Priority
Situ Bagendit,110,81,11,18,73.64,10.0,16.36,"Danau, Tujuan Wisata",4.25,Intervention Priority
Situ Cidahu,3,3,0,0,100.0,0.0,0.0,Tujuan Wisata,4.9,Insufficient Evidence
Situ Cigekgok,1,1,0,0,100.0,0.0,0.0,Tujuan Wisata,4.6,Insufficient Evidence
Sumber Alam permandian air panas,44,43,0,1,97.73,0.0,2.27,Hotel,4.6,Promotional Priority
Sumber mata air sirahna,10,10,0,0,100.0,0.0,0.0,Tujuan Wisata,4.7,Promotional Priority
Talangseng (tubing),4,4,0,0,100.0,0.0,0.0,Pemandian di Ruang Terbuka,4.5,Insufficient Evidence
Taman Air Panas Cahaya Villa,160,139,0,21,86.88,0.0,13.12,Kolam Renang,4.6,Promotional Priority
Taman Air Sabda Alam,194,176,1,17,90.72,0.52,8.76,Kompleks Kolam Renang,4.2,Promotional Priority
Taman Cikiara talagawangi pakenjen garut,1,1,0,0,100.0,0.0,0.0,Tujuan Wisata,5.0,Insufficient Evidence
Taman Hutan Kota Kubang,3,3,0,0,100.0,0.0,0.0,Taman Kota,4.8,Insufficient Evidence
Taman Kiansantang,5,5,0,0,100.0,0.0,0.0,Taman Kota,4.5,Insufficient Evidence
Taman Kuliner CIbatu,14,14,0,0,100.0,0.0,0.0,Pujasera,4.4,Promotional Priority
Taman Satwa Cikembulan,169,164,0,5,97.04,0.0,2.96,Kebun Binatang,4.3,Promotional Priority
Taman Teletubies Sayang Heulang,35,33,0,2,94.29,0.0,5.71,Taman,4.5,Promotional Priority
Taman Wisata Alam Gn Papandayan,248,243,1,4,97.98,0.4,1.61,Tujuan Wisata,4.8,Promotional Priority
Taman Wisata Beko Cibatu,5,5,0,0,100.0,0.0,0.0,Taman,3.9,Insufficient Evidence
Taman maktal,28,28,0,0,100.0,0.0,0.0,Taman Kota,4.5,Promotional Priority
Temu Space,249,227,3,19,91.16,1.2,7.63,Kafe,4.5,Promotional Priority
Teras Cimanuk,18,16,0,2,88.89,0.0,11.11,Taman,4.7,Promotional Priority
Terasering barugantung,84,84,0,0,100.0,0.0,0.0,Tujuan Wisata,4.8,Promotional Priority
Tirtagangga Hot Spring Resort,238,233,0,5,97.9,0.0,2.1,,4.5,Promotional Priority
Tirtagangga Hot Spring Resort Cipanas,25,23,0,2,92.0,0.0,8.0,Kolam Renang,4.6,Promotional Priority
Tugu Peringatan Banjir Bandang Sungai Cimanuk,1,1,0,0,100.0,0.0,0.0,Taman Kota,4.7,Insufficient Evidence
Tugu Simpang Lima,137,136,0,1,99.27,0.0,0.73,Taman,4.6,Promotional Priority
Tujuh Curug Cimanganten,16,16,0,0,100.0,0.0,0.0,Tujuan Wisata,4.5,Promotional Priority
Urbanview Hotel Puncak Darajat Highland Garut,142,126,2,14,88.73,1.41,9.86,,4.4,Promotional Priority
View deck sayang heulang,22,22,0,0,100.0,0.0,0.0,Tujuan Wisata,4.7,Promotional Priority
Villa Bumi Rancamaya Garut,1,1,0,0,100.0,0.0,0.0,Tujuan Wisata,4.1,Insufficient Evidence
WISATA BINAR ALAM VIEW,24,21,0,3,87.5,0.0,12.5,Kolam renang luar ruangan,4.3,Promotional Priority
Wana Wisata Mandalagiri,1,1,0,0,100.0,0.0,0.0,Tujuan Wisata,4.4,Insufficient Evidence
Warung Asakan,10,10,0,0,100.0,0.0,0.0,Restoran,4.7,Promotional Priority
Warung Bambu garut,31,18,0,13,58.06,0.0,41.94,Restoran Seafood,4.2,Intervention Priority
Waterboom Tirta Kencana,33,23,0,10,69.7,0.0,30.3,Kolam Renang,4.0,Intervention Priority
Wisata,58,55,0,3,94.83,0.0,5.17,Hotel,0.0,Monitoring / Improvement Priority
Wisata Air Gunbul Garut,7,7,0,0,100.0,0.0,0.0,Taman Hiburan,4.8,Insufficient Evidence
Wisata Air terjun cipalangi,1,1,0,0,100.0,0.0,0.0,Tujuan Wisata,5.0,Insufficient Evidence
Wisata Alam,3,3,0,0,100.0,0.0,0.0,Tujuan Wisata,4.6,Insufficient Evidence
Wisata Alam Batu Lempar,56,54,0,2,96.43,0.0,3.57,Tujuan Wisata,4.6,Promotional Priority
Wisata Alam Darajat Garut,26,26,0,0,100.0,0.0,0.0,Tujuan Wisata,4.4,Promotional Priority
Wisata Alam Kampung Sampireun,8,8,0,0,100.0,0.0,0.0,Hotel,4.5,Insufficient Evidence
Wisata Desa Pangauban,1,1,0,0,100.0,0.0,0.0,Tujuan Wisata,4.7,Insufficient Evidence
Wisata GUNUNG WAYANG,16,16,0,0,100.0,0.0,0.0,Tujuan Wisata,4.5,Promotional Priority
Wisata Gunung Guntur & Parkir,7,7,0,0,100.0,0.0,0.0,Tujuan Wisata,4.8,Insufficient Evidence
Wisata Gunung Papandayan Garut,16,14,1,1,87.5,6.25,6.25,Area Mendaki,4.7,Promotional Priority
Wisata Kebun Naga Poernama Garut,28,28,0,0,100.0,0.0,0.0,Tujuan Wisata,4.7,Promotional Priority
Wisata Kuliner Kerkof,45,44,0,1,97.78,0.0,2.22,Restoran,4.6,Promotional Priority
Wisata Pantai Gunung Geder,5,5,0,0,100.0,0.0,0.0,Tujuan Wisata,5.0,Insufficient Evidence
Wisata Pantai Karang Modang,9,9,0,0,100.0,0.0,0.0,Tujuan Wisata,4.5,Insufficient Evidence
Wisata Pantai Santolo,90,74,0,16,82.22,0.0,17.78,Pantai,4.3,Intervention Priority
Wisata Pelabuhan Rancabuaya,4,3,0,1,75.0,0.0,25.0,Tujuan Wisata,4.5,Insufficient Evidence
Wisata Situ Bagendit 1 (Satu),198,167,14,17,84.34,7.07,8.59,Tujuan Wisata,4.3,Promotional Priority
Wisata Situ Bagendit 2,21,17,2,2,80.95,9.52,9.52,Tujuan Wisata,4.4,Promotional Priority
Wisata Sungai Ciharus,41,41,0,0,100.0,0.0,0.0,Tujuan Wisata,4.5,Promotional Priority
Wisata kuliner Saung Kang Ujang,3,3,0,0,100.0,0.0,0.0,Restoran,4.4,Insufficient Evidence
Wiskul (Wisata & Kuliner) AsSunan,1,1,0,0,100.0,0.0,0.0,Tujuan Wisata,5.0,Insufficient Evidence
kebun jeruk,5,5,0,0,100.0,0.0,0.0,Tujuan Wisata,4.5,Insufficient Evidence
pantai karangnunggal cikelet,1,1,0,0,100.0,0.0,0.0,Rumah Pondokan,4.3,Insufficient Evidence
